Option Symbol,Option Name
AA,Alcoa Corporation
AAL,"American Airlines Group, Inc."
AAOI,Applied Optoelectronics Inc
AAPL,Apple Inc
ABBV,AbbVie Inc.
ABC,"AMERISOURCEBERGEN, CORP."
ABNB,AIRBNB INC.
ABT,ABBOTT LABORATORIES
ACAD,ACADIA Pharmaceuticals Inc.
ACB,Aurora Cannabis Inc
ACN,Accenture PLC
ADBE,Adobe Inc.
ADI,ANALOG DEVICES INC
ADM,ARCHER DANIELS MIDLAND CO
ADP,AUTOMATIC DATA PROCESSINGINC
ADS,ALLIANCE DATA SYSTEMS CORP.
ADSK,AUTODESK INC
AEO,AMERICAN EAGLE OUTFITTERS
AFL,AFLAC INC.
AG,First Majestic Silver Corp
AGNC,AGNC Investment Corp.
AIG,AMERICAN INTERNATIONAL GROUP
AKAM,"AKAMAI TECHNOLOGIES, INC"
ALGN,ALIGN TECHNOLOGY INC.
AMAT,"APPLIED MATERIALS, INC."
AMBA,Ambarella Inc
AMC,AMC Entertainment Holdings Inc.
AMD,ADVANCED MICRO-DEVICES
AMGN,AMGEN
AMLP,Alerian MLP ETF
AMRN,Amarin Corp. PLC
AMT,AMERICAN TOWER CL A
AMZN,AMAZON COM
ANET,Arista Networks Inc
ANF,ABERCROMBIE & FITCH CO
ANTM,"Anthem, Inc."
APA,APA Corporation
APHA,APHRIA INC
APO,"Apollo Global Management, Inc."
APPH,"AppHarvest, Inc."
APPS,"Digital Turbine, Inc."
APT,Alpha Pro Tech Ltd
ARKF,ARK FINTECH INNOVATION
ARKK,ARK Innovation ETF
ASHR,Xtrackers Harvest CSI 300 China A-Shares ETF
ASML,ASML HOLDING NV
ATVI,"Activision Blizzard, Inc."
AUY,"YAMANA GOLD, INC"
AVGO,Broadcom Inc.
AVXL,Anavex Life Sciences Corporation
AXP,AMERICAN EXPRESS
AZN,ASTRAZENECA PLC
AZO,AUTOZONE INC.
BA,BOEING CO
BABA,Alibaba Group Holding Ltd
BAC,BANK OF AMERICA CORP.
BAX,BAXTER INTERNATIONAL INC.
BB,BlackBerry Limited
BBBY,BED BATH & BEYOND INC.
BBY,BEST BUY CO. INC.
BDX,"BECTON, DICKINSON AND CO"
BHC,Bausch Health Companies Inc.
BIDU,Baidu Inc
BIIB,Biogen Inc.
BILI,BILIBILI INC.
BK,The Bank of New York Mellon Corporation
BKNG,Booking Holdings Inc.
BLK,BLACKROCK INC
BLNK,Blink Charing Co
BMY,BRISTOL-MYERS SQUIBB COMPANY
BNTX,BIONTECH SE SPONSORED ADR
BP,BP PLC
BRKB,Berkshire Hathaway Inc. - Cl B
BRZU,Direxion Daily MSCI Brazil Bull 2X Shares
BSX,BOSTON SCIENTIFIC CORP
BUD,Anheuser-Busch InBev
BURL,Burlington Stores Inc.
BX,The Blackstone Group Inc.
BYND,"BEYOND MEAT, INC."
C,CITIGROUP INC
CAG,"Conagra Brands, Inc."
CAH,CARDINAL HEALTH INC
CAT,CATERPILLAR INC
CBOE,"Cboe Global Markets, Inc."
CC,The Chemours Company
CCIV,CHURCHILL CAPITAL CORP IV
CCJ,CAMECO CORPORATION
CCL,CARNIVAL CORPORATION
CF,CF Industries Holdings Inc
CGC,Canopy Grwoth Corporation
CHPT,"ChargePoint Holdings, Inc."
CHTR,Charter Communications Inc. Cl A
CHWY,"CHEWY, INC."
CI,Cigna Corporation
CIEN,Ciena Corp (New)
CL,COLGATE PALMOLIVE
CLDR,Cloudera Inc.
CLF,Cleveland-Cliffs Inc.
CLR,Continental Resources Inc
CLVS,Clovis Oncology Inc.
CLX,CLOROX CO
CMCSA,COMCAST CORPORATION CLASS
CME,CME Group Inc
CMG,Chipotle Mexican Grill Inc
CMI,CUMMINS INC.
CNC,CENTENE CORP
CNP,"CENTERPOINT ENERGY, INC."
CODX,CO-DIAGNOSTICS INC
COF,CAPITAL ONE FINANCIAL
COG,CABOT OIL AND GAS CORP
COIN,"COINBASE GLOBAL, INC."
COP,CONOCOPHILLIPS
COST,COSTCO COMPANIES
COTY,Coty Inc
COUP,Coupa Software Incorporated
CPB,CAMPBELL SOUP CO
CPRI,Capri Holdings Limited
CREE,"CREE RESEARCH, INC."
CRM,SALESFORCE COM INC
CRON,Cronos Group Inc
CRSP,CRISPR Therapeutics AG
CRWD,CROWDSTRIKE HOLDINGS INC
CSCO,"CISCO SYSTEMS, INC."
CSIQ,Canadian Solar Inc
CSTM,Constellium SE
CSX,CSX CORPORATION
CTSH,COGNIZANT TECH. SOLUTIONS
CTXS,"CITRIX SYSTEMS, INC."
CVNA,Carvana Company
CVS,CVS Health Corporation
CVX,CHEVRON CORP
CWH,"Camping World Holdings, Inc."
CYBR,CyberArk Software Ltd/Israel
CYH,"COMMUNITY HEALTH SYSTEMS, INC."
CYRX,"CryoPort, Inc"
CZR,Caesars Entertainment Corporation
DAL,"Delta Air Lines, Inc."
DASH,"DOORDASH, INC."
DB,DEUTSCHE BANK AG
DBX,DropBox Inc
DD,"DuPont de Nemours, Inc."
DDD,3D Systems Corp
DDOG,"DATADOG, INC."
DE,DEERE & CO
DFS,Discover Financial Services
DG,Dollar General Corporation
DHI,D.R. HORTON INC
DIA,SPDR DJIA ETF Trust
DIS,WALT DISNEY COMPANY
DISH,Dish Network Corp
DKNG,DraftKings Inc.
DKS,DICKS SPORTING GOODS INC
DLTR,"Dollar Tree, Inc"
DOCU,DOCUSIGN INC
DOW,DOW INC.
DPZ,DOMINO'S PIZZA INC
DUST,Direxion Daily Gold Miners Index Bear 2X Shares
DVN,DEVON ENERGY CORP.
EA,ELECTRONIC ARTS
EBAY,EBAY INC
ED,CON EDISON
EDIT,"Editas Medicine, Inc."
EEM,iShares MSCI Emerging Markets ETF
EFA,iShares MSCI EAFE ETF
EGHT,8x8 Inc
EMB,iShares J.P. Morgan USD Emerging Markets Bond ETF
EMR,EMERSON ELECTRIC CO
ENDP,Endo International plc
ENPH,Enphase Energy Inc.
EOG,"EOG RESOURCES, INC"
EPD,ENTERPRISE PROD PARTNERS L.PI
ERX,Direxion Daily Energy Bull 2X Shares
ET,Energy Transfer LP
ETN,"Eaton Corporation, plc"
ETSY,Etsy Inc.
EW,EDWARDS LIFESCIENCES CORP.
EWH,iShares MSCI Hong Kong ETF
EWJ,iShares MSCI Japan ETF
EWU,iShares MSCI United Kingdom ETF
EWW,iShares MSCI Mexico ETF
EWY,iShares MSCI South Korea ETF
EWZ,iShares MSCI Brazil ETF
EXAS,Exact Sciences Corp.
EXPE,"Expedia Group, Inc."
EXPR,Express Inc.
F,FORD MOTOR COMPANY
FAS,Direxionshares Daily Financial Bull 3X Shares
FAZ,Direxionshares Daily Financial Bear 3X Shares
FB,Facebook Inc.
FCEL,"FUELCELL ENERGY, INC."
FCX,Freeport-McMoRan Inc.
FDX,FEDEX CORP
FEYE,FireEye Inc.
FEZ,SPDR EURO STOXX 50 ETF
FFIV,"F5 NETWORKS, INC."
FISV,FISERV INC
FIVE,Five Below Inc
FL,"FOOT LOCKER, INC."
FLEX,Flex Ltd.
FLR,FLUOR CORP
FOSL,"Fossil Group, Inc."
FOXA,FOX CORPCL A COM
FSLR,"First Solar, Inc."
FSLY,"FASTLY, INC."
FSR,Fisker Inc.
FUBO,FUBOTV INC.
FUTU,FUTU HOLDINGS LTD.
FXE,Invesco CurrencyShares Euro Currency Trust
FXI,iShares China Large-Cap ETF
FXY,Invesco CurrencyShares Japanese Yen Trust
GD,GENERAL DYNAMICS
GDX,VanEck Vectors Gold Miners ETF
GDXJ,VanEck Vectors Junior Gold Miners ETF
GE,GENERAL ELECTRIC
GILD,"GILEAD SCIENCES, INC."
GLD,SPDR Gold Trust
GLW,CORNING INCORPORATED
GM,General Motors Co.
GME,GAMESTOP CORP CL A (Holding Co)
GNUS,"GENIUS BRANDS INTERNATIONAL, INC."
GNW,"Genworth Financial, Inc. (Holding Company)"
GOLD,Barrick Gold Corporation
GOOG,Alphabet Inc. Class C Capital Stock
GOOGL,Alphabet Inc. Class A
GOOS,Canada Goose Holdings Inc.
GP,GREENPOWER MOTOR COMPANY INC.
GPRO,GoPro Inc
GPS,GAP INC
GRPN,Groupon Inc
GRWG,GROWGENERATION CORP
GS,GOLDMAN SACHS GROUP
GSK,GLAXOSMITHKLINE PLC
GSX,"GSX TECHEDU, INC."
GT,GOODYEAR T & R
HAL,HALLIBURTON CO
HAS,"HASBRO, INC"
HBI,Hanesbrands Inc.
HCA,"HCA Healthcare, Inc."
HD,HOME DEPOT INC
HES,Hess Corporation
HFC,HollyFrontier Corporation
HIG,HARTFORD FINANCIAL SERVICES
HIMX,"Himax Technologies, Inc."
HL,HECLA MINING COMPANY
HLF,Herbalife Nutrition Ltd.
HOG,"HARLEY DAVIDSON, INC."
HON,HONEYWELL INTL INC (NEW)
HPE,Hewlett Packard Enterprise Co.
HPQ,HP Inc.
HRL,HORMEL FOODS CORPORATION
HSBC,HSBC HOLDINGS PLC
HSY,HERSHEY CO THE
HUM,HUMANA
HUYA,HUYA Inc.
HYG,iShares iBoxx $ High Yield Corporate Bond ETF
HYLN,Hyliion Holdings Corporation
IAU,iShares Gold Trust
IBB,iShares Nasdaq Biotechnology ETF
IBM,INTL BUSINESS MACHINE
ICLN,ISHARES GLOBAL CLEAN ENERGY ETF
IEF,iShares 7-10 Year Treasury Bond ETF
IFF,INTL FLAVORS & FRAGRANCES
ILMN,"Illumina, Inc."
INDA,iShares MSCI India ETF
INFN,Infinera Corporation
INO,"Inovio Pharmaceuticals, Inc."
INTC,INTEL CORPORATION
INTU,INTUIT CORP
IP,INTL PAPER
IQ,IQIYI INC
IRBT,iRobot Corporation
ISRG,"INTUITIVE SURGICAL, INC."
ITB,iShares U.S. Home Construction ETF
ITW,ILLINOIS TOOL WORKS INC.
IVR,INVESCO MORTGAGE CAPITAL INCCOM
IVV,iShares Core S&P 500 ETF
IWF,iShares Russell 1000 Growth ETF
IWM,iShares Russell 2000 ETF
IYR,iShares U.S. Real Estate ETF
JCI,Johnson Controls International PLC
JD,JD.com Inc
JDST,Direxion Daily Junior Gold Miners Index Bear2XShrs
JETS,U.S. GLOBAL JETS ETF
JMIA,Jumia Technologies AG
JNJ,JOHNSON & JOHNSON
JNK,SPDR Bloomberg Barclays High Yield Bond ETF
JNPR,"JUNIPER NETWORKS,INC."
JNUG,Direxion Daily Junior Gold Miners Index Bull2XShrs
JPM,JPMORGAN CHASE & CO
JWN,NORDSTROM
KEY,KEYCORP NEW
KGC,KINROSS GOLD CORPORATION
KHC,The Kraft Heinz Company
KKR,KKR & Co. Inc.
KLAC,KLA Corporation
KMB,KIMBERLY-CLARK
KMI,Kinder Morgan Inc.
KMX,CARMAX INC.
KO,COCA-COLA COMPANY
KODK,Eastman Kodak Co
KR,KROGER CO
KRE,SPDR S&P Regional Banking ETF
KSS,KOHL'S CORP
KSU,KANSAS CITY SOUTHERN
LABD,Direxion Daily S&P Biotech Bear 3X Shares
LABU,Direxion Daily S&P Biotech Bull 3X Shares
LAZR,"Luminar Technologies, Inc."
LB,"L Brands, Inc."
LBTYK,Liberty Global plc Class C
LEN,LENNAR CORP
LI,"LI AUTO, INC."
LITE,"Lumentum Holdings, Inc."
LL,Lumber Liquidators Holdings Inc
LLNW,"Limelight Networks, Inc."
LLY,ELI LILLY & CO
LMND,"LEMONADE, INC."
LMT,LOCKHEED MARTIN
LNG,CHENIERE ENERGY INC
LOW,LOWES COS
LQD,iShares iBoxx $ Investment Grade Corporate Bond ET
LRCX,LAM RESEARCH CORP.
LULU,Lululemon Athletica Inc.
LUMN,"Lumen Technologies, Inc."
LUV,SOUTHWEST AIRLINES COMPANY
LVS,Las Vegas Sands Corp
LYFT,LYFT INC
M,Macy's Inc
MA,Mastercard Incorporated Class A
MAR,MARRIOTT INT'L
MARA,"Marathon Digital Holdings, Inc."
MAT,MATTEL INC
MCD,MCDONALDS CORP
MCHP,MICROCHIP TECHNOLOGY INC
MCK,MCKESSON CORPORATION
MDB,MongoDB Inc.
MDLZ,"Mondelez International, Inc."
MDT,Medtronic plc
MDY,SPDR S&P MidCap 400 ETF Trust
MELI,Mercadolibre Inc
MET,"METLIFE, INC."
MGM,MGM Resorts International
MJ,ETFMG Alternative Harvest ETF
MMM,3M
MNKD,MANNKIND CORPORATION
MNST,Monster Beverage Corporation
MO,"ALTRIA GROUP, INC."
MOMO,Momo Inc.
MOS,The Mosaic Company (HOLDING COMPANY)
MPC,Marathon Petroleum Corporation
MRK,MERCK & CO
MRNA,"MODERNA, INC."
MRO,MARATHON OIL CORP
MRVL,"Marvell Technology, Inc."
MS,MORGAN STANLEY
MSFT,MICROSOFT CORPORATION
MSTR,MICROSTRATEGY
MT,Arcelor Mittal
MTCH,Match Group Inc
MU,MICRON TECH
NAV,Navistar International Corp.
NBEV,"NewAge, Inc."
NCLH,Norweigian Cruise Line Holding Ltd
NEM,Newmont Corporation
NET,"CLOUDFLARE, INC."
NFLX,NETFLIX INC
NIO,NIO Inc
NKE,NIKE INC. CLASS B
NKLA,Nikola Corporation
NKTR,NEKTAR THERAPEUTICS
NLY,Annaly Capital Management Inc
NNOX,NANO-X IMAGING LTD
NOC,NORTHROP GRUMMAN CORP
NOK,NOKIA CORP
NOV,NOV Inc.
NOW,ServiceNow Inc.
NSC,NORFOLK SOUTHERN CORP
NTAP,Netapp Inc
NTES,"NetEase, Inc. American Depositary Shares"
NTNX,"Nutanix,Inc."
NTR,Nutrien Ltd
NUE,NUCOR CORPORATION
NUGT,Direxion Daily Gold Miners Index Bull 2X Shares
NVAX,"NOVAVAX, INC"
NVDA,NVIDIA CORP.
NXPI,NXP Semiconductors NV
OIH,VanEck Vectors Oil Services ETF
OKE,"ONEOK, INC."
OKTA,"OKTA, Inc"
OLED,UNIVERSAL DISPLAY CORPORATION
OLN,OLIN CORP.
ON,ON SEMICONDUCTOR CORP
OPK,"Opko Health, Inc."
ORCL,ORACLE SYSTEMS INC.
OSTK,"Overstock.com, Inc."
OXY,OCCIDENTAL PETROLEUM
PAA,"PLAINS ALL AMERICAN PIPELINE, LP"
PANW,Palo Alto Networks Inc
PBR,PETROLEO BRASILEIRO SA
PCG,PG & E CORP
PDD,Pinduoduo Inc
PENN,PENN NATIONAL GAMING INC
PEP,PEPSICO
PFE,PFIZER
PG,PROCTER & GAMBLE
PHM,"Pulte Group, Inc."
PINS,Pinterest Inc
PLAY,Dave and Buster's Entertainment Inc.
PLTR,PALANTIR TECHNOLOGIES INC.
PLUG,PLUG POWER INC
PM,"Philip Morris International, Inc."
PNC,PNC FINANCIAL CORP.
PPG,PPG INDUSTRIES
PSTH,PERSHING SQUARE TONTINE HOLDINGS LTD.
PSX,Phillips 66
PSXP,Phillips 66 Partners LP
PTON,"PELOTON INTERACTIVE, INC."
PXD,PIONEER NATURAL RESOURCES COS
PYPL,"PayPal Holdings, Inc."
PZZA,PAPA JOHN'S INTL. INC
QCOM,Qualcomm Inc.
QDEL,QUIDEL CORPORATION
QQQ,Invesco QQQ Trust Series 1
QS,QuantumScape Corporation
RACE,Ferrari N.V
RAD,RITE AID CORPORATION
RBLX,ROBLOX CORPORATION
RCL,Royal Caribbean Group
RDSA,ROYAL DUTCH SHELL PLC CL A
REGN,REGENERON PHARMACEUTICALS
RH,RH
RIDE,Lordstown Motors Corporation
RIG,Transocean Ltd
RIOT,"RIOT BLOCKCHAIN, INC"
RKT,ROCKET COMPANIES INC
RMO,"Romeo Power, Inc."
RNG,RingCentral Inc.
ROKU,"Roku, Inc. Class A"
ROST,"ROSS STORES, INC."
RRC,RANGE RESOURCES CORPORATION
RSX,VanEck Vectors Russia ETF
RTX,Raytheon Technologies Corporation
RVLV,"REVOLVE GROUP, INC."
SABR,Sabre Corporation
SBUX,STARBUCKS CORP
SCHW,Charles Schwab Corp.
SDC,SMILEDIRECTCLUB INC
SDS,ProShares UltraShort S&P 500
SE,Sea Ltd
SEAS,SeaWorld Entertainment Inc
SFIX,"Stitch Fix, Inc"
SHAK,"Shake Shack, Inc."
SHOP,Shopify Inc
SIG,SIGNET JEWELERS LIMITEDSHS
SIL,Global X Silver Miners ETF
SILJ,ETFMG Prime Junior Silver Miners ETF
SIRI,Sirius XM Holdings Inc.
SKLZ,Skillz Inc.
SKX,Skechers USA Inc CL A
SLB,SCHLUMBERGER LTD
SLV,iShares Silver Trust
SMH,VanEck Vectors Semiconductor ETF
SNAP,"Snap, Inc"
SNDL,SUNDIAL GROWERS INC.
SNOW,"SNOWFLAKE, INC. CLASS A"
SNPS,SYNOPSYS INC
SO,SOUTHERN CO
SOL,ReneSola Ltd (ADS)
SOLO,Electrameccanica Vehicles Corp.
SONY,Sony Group Corporation
SOS,SOS Limited
SPCE,"Virgin Galactic Holdings, Inc."
SPGI,S&P Global Inc.
SPLK,"Splunk, Inc."
SPOT,SPOTIFY TECHNOLOGY S.A.
SPWR,SunPower Corporation
SPXU,Prosh Ultrapro Short S&P 500
SPY,SPY Option
SQ,Square Inc
SQQQ,ProShares Ultra Pro Short QQQ
SRNE,Sorrento Therapeutics Inc
SRPT,"Sarepta Therapeutics, Inc."
SSO,ProShares Ultra S&P 500
SSYS,STRATASYS INC.
STMP,STAMPS.COM INC
STNE,STONECO LTD.
STX,SEAGATE TECH PLC (IRL)
STZ,"CONSTELLATION BRANDS, INC."
SU,SUNCOR ENERGY
SVXY,ProShares Short VIX Short-Term Futures
SWK,Stanley Black & Decker
SWKS,"Skyworks Solutions, Inc"
SWN,SOUTHWESTERN ENERGY COMPANY
SYF,Synchrony Financial
SYY,SYSCO CORPORATION
T,AT & T Inc
TAN,Invesco Solar ETF
TAP,Molson Coors Beverage Company
TBT,Proshares Ultrashort 20+ Year Treasury
TDOC,"Teladoc Health, Inc."
TEAM,Atlassian Corporation Plc
TECK,Teck Resources Limited
TECS,Direxion Daily Technology Bear 3X Shares
TEVA,TEVA PHARM. IND. INC.
TGT,TARGET CORPORATION
THC,TENET HEALTHCARE CORP
TJX,"TJX COMPANIES, INC."
TLRY,Tilray Inc
TLT,iShares 20+ Year Treasury Bond ETF
TME,TENCENT MUSIC ENTERTAINMENT GROUP
TMUS,"T-Mobile US, Inc."
TNA,Direxion Daily Small Cap Bull 3X Shares
TNDM,"TANDEM DIABETES CARE, INC."
TOL,TOLL BROTHERS INC
TPR,"Tapestry, Inc."
TQQQ,ProShares Ultra Pro QQQ
TRIP,TripAdvisor Inc.
TSCO,TRACTOR SUPPLY COMPANY
TSLA,"Tesla, Inc."
TSM,Taiwan Semiconductor Mfg. Co.
TSN,TYSON FOODS INC
TTD,"Trade Desk, Inc. Class A"
TTM,Tata Motors Ltd.
TTWO,TAKE-TWO INTERACTIVE
TWLO,Twilio Inc
TWTR,"Twitter, Inc."
TXN,TEXAS INSTRUMENTS
TZA,Direxion Daily Small Cap Bear 3X Shares
UA,"Under Armor, Inc Class C"
UAA,"Under Armor, Inc. Class A"
UAL,"United Airlines Holdings, Inc."
UBER,UBER TECHNOLOGIES INC
UCO,ProShares Ultra Bloomberg Crude Oil
ULTA,"Ulta Beauty, Inc."
UNG,United States Natural Gas Fund
UNH,UNITEDHEALTH GROUP INC.
UNP,UNION PACIFIC
UPRO,ProShares Ultrapro S&P 500
UPS,UNITED PARCEL SERVICES
URBN,URBAN OUTFITTERS INC
URI,"UNITED RENTALS, INC."
USB,U.S. BANCORP
USO,United States Oil Fund
UUP,Invesco DB US Dollar Index Bullish Fund
UVXY,ProShares Ultra VIX Short-Term Futures
V,Visa Inc.
VALE,Vale S.A.
VFC,VF CORPORATION
VIAC,ViacomCBS Inc. Class B
VIPS,Vipshop Holdings Limited
VIR,"VIR BIOTECHNOLOGY, INC."
VIXM,ProShares VIX Mid-Term Futures ETF
VIXY,ProShares VIX Short-Term Futures ETF
VLO,VALERO ENERGY CORP.
VMW,VMware Inc.
VOD,VODAFONE GROUP PLC
VRTX,"VERTEX PHARMCTLS, INC."
VTRS,Viatris Inc.
VWO,Vanguard FTSE Emerging Markets ETF
VXRT,"VAXART, INC."
VXX,iPath Series B S&P 500 VIX Short-Term Futures
VZ,VERIZON COMM
W,Wayfair Inc
WB,Weibo Corporation
WBA,"Walgreens Boots Alliance, Inc."
WDAY,"Workday, Inc."
WDC,WESTERN DIGITAL CORP
WFC,WELLS FARGO & CO
WHR,WHIRLPOOL CORPORATION
WKHS,WORKHORSE GROUP INC.
WMB,WILLIAMS COMPANIES
WMT,Walmart Inc.
WORK,SLACK TECHNOLOGIES INC
WPM,Wheaton Precious Metals Corporation
WW,"WW International, Inc."
WY,WEYERHAEUSER CO
WYNN,"WYNN RESORTS, LIMITED"
X,UNITED STATES STEEL
XBI,SPDR S&P Biotech ETF
XHB,SPDR S&P Homebuilders ETF
XLB,MATERIALS SELECT SECTOR SPDR
XLC,Communication Services Select Sector SPDR
XLE,ENERGY SECTOR SPDR
XLF,FINANCIAL SECTOR SPDR
XLI,INDUSTRIAL SECTOR SPDR
XLK,TECHNOLOGY SECTOR SPDR
XLNX,XILINX INC
XLP,CONSUMER STAPLES SPDR
XLU,UTILITIES SECTOR SPDR
XLV,HEALTH CARE SELECT SECTOR SPDR
XLY,Consumer Discretionary Select Sector SPDR
XME,SPDR S&P Metals & Mining ETF
XOM,EXXON MOBIL CORP
XOP,SPDR S&P Oil & Gas Exploration & Production ETF
XPEV,"XPENG, INC. ADR CLASS A"
XRT,SPDR S&P Retail ETF
YELP,Yelp Inc
YETI,"YETI HOLDINGS, INC."
YINN,Direxion Daily FTSE China Bull 3X Shares
YNDX,Yandex NV
YPF,YPF S.A.
YUM,"YUM BRANDS, INC."
YY,JOYY Inc.
Z,"Zillow Group, Inc."
ZM,Zoom Video Communcations Inc
ZNGA,Zynga Inc.
ZS,"ZSCALER, INC."
